Фамилия,Имя,Отчество,Часы работы
Дмитриенко,Вячеслав,Владиславович,254
Возисов,Максим,Вячеславович,309
Бочкарёв,Максим,Викторович,76
Дмитриенко,Вячеслав,Вячеславович,183
Дмитриенко,Андрей,Вячеславович,314
Возисов,Максим,Владиславович,53
Бочкарёв,Андрей,Викторович,110
Глазырин,Максим,Вячеславович,221
Бочкарёв,Макар,Владиславович,324
Глазырин,Максим,Петрович,193
Возисов,Андрей,Вячеславович,111
Дмитриенко,Андрей,Владиславович,120
Бочкарёв,Андрей,Петрович,298
Глазырин,Вячеслав,Владиславович,214
Возисов,Макар,Владиславович,333
Возисов,Максим,Викторович,232
Дмитриенко,Максим,Вячеславович,254
Дмитриенко,Андрей,Владиславович,187
Возисов,Андрей,Владиславович,232
Возисов,Максим,Викторович,50
Возисов,Максим,Викторович,97
Возисов,Андрей,Владиславович,307
Глазырин,Максим,Петрович,150
Глазырин,Вячеслав,Владиславович,39
Глазырин,Макар,Вячеславович,38
Возисов,Макар,Вячеславович,189
Возисов,Макар,Владиславович,116
Бочкарёв,Максим,Викторович,87
Возисов,Максим,Владиславович,176
Бочкарёв,Макар,Петрович,210
Бочкарёв,Макар,Вячеславович,129
Возисов,Вячеслав,Викторович,249
Глазырин,Макар,Вячеславович,220
Глазырин,Андрей,Владиславович,82
Дмитриенко,Макар,Вячеславович,342
Возисов,Максим,Викторович,38
Глазырин,Макар,Викторович,243
Возисов,Максим,Викторович,347
Бочкарёв,Андрей,Владиславович,131
Дмитриенко,Макар,Вячеславович,328
Бочкарёв,Вячеслав,Викторович,126
Дмитриенко,Максим,Петрович,301
Бочкарёв,Вячеслав,Вячеславович,86
Глазырин,Максим,Викторович,26
Бочкарёв,Андрей,Викторович,338
Возисов,Андрей,Вячеславович,90
Возисов,Андрей,Вячеславович,149
Глазырин,Макар,Петрович,124
Возисов,Вячеслав,Вячеславович,103
Глазырин,Андрей,Викторович,288
Дмитриенко,Вячеслав,Викторович,152
Возисов,Максим,Петрович,277
Бочкарёв,Вячеслав,Петрович,349
Дмитриенко,Андрей,Петрович,80
Глазырин,Максим,Викторович,270
Бочкарёв,Макар,Викторович,169
Дмитриенко,Макар,Викторович,174
Возисов,Максим,Петрович,327
Глазырин,Андрей,Вячеславович,348
Глазырин,Максим,Владиславович,315
Бочкарёв,Макар,Петрович,91
Глазырин,Максим,Викторович,300
Возисов,Андрей,Вячеславович,329
Дмитриенко,Макар,Петрович,235
Возисов,Макар,Петрович,336
Глазырин,Максим,Вячеславович,38
Дмитриенко,Вячеслав,Владиславович,281
Возисов,Максим,Викторович,190
Бочкарёв,Макар,Вячеславович,343
Бочкарёв,Макар,Петрович,207
Бочкарёв,Макар,Вячеславович,105
Дмитриенко,Макар,Петрович,185
Глазырин,Вячеслав,Петрович,163
Возисов,Максим,Викторович,277
Возисов,Максим,Викторович,335
Дмитриенко,Вячеслав,Викторович,114
Дмитриенко,Вячеслав,Владиславович,117
Бочкарёв,Андрей,Владиславович,346
Возисов,Вячеслав,Владиславович,291
Дмитриенко,Макар,Вячеславович,277
Глазырин,Вячеслав,Викторович,298
Дмитриенко,Андрей,Вячеславович,166
Дмитриенко,Максим,Петрович,31
Бочкарёв,Макар,Петрович,114
Глазырин,Макар,Вячеславович,289
Бочкарёв,Макар,Вячеславович,121
Глазырин,Максим,Вячеславович,130
Глазырин,Вячеслав,Вячеславович,145
Дмитриенко,Андрей,Викторович,41
Бочкарёв,Вячеслав,Владиславович,149
Глазырин,Макар,Вячеславович,247
Возисов,Андрей,Викторович,336
Бочкарёв,Максим,Петрович,262
Дмитриенко,Вячеслав,Вячеславович,171
Возисов,Максим,Владиславович,103
Дмитриенко,Макар,Вячеславович,199
Возисов,Максим,Петрович,112
Бочкарёв,Максим,Викторович,146
Бочкарёв,Макар,Петрович,25
Глазырин,Макар,Владиславович,193
